timestamp_utc,commit,version,preset,target,source,object,compile_seconds,cpu_model
2025-09-23T17:33:36Z,36e31fd9ad409db3d570dc00d822c45f20ea01cb,36e31fd,gcc-release,catch_case_insensitive_comparisons.cpp.o,unknown,_deps/catch2-build/src/CMakeFiles/Catch2.dir/catch2/internal/catch_case_insensitive_comparisons.cpp.o,0.905000,Arquitectura:                             x86_64
2025-09-23T17:33:36Z,36e31fd9ad409db3d570dc00d822c45f20ea01cb,36e31fd,gcc-release,catch_enum_values_registry.cpp.o,unknown,_deps/catch2-build/src/CMakeFiles/Catch2.dir/catch2/internal/catch_enum_values_registry.cpp.o,1.583000,Arquitectura:                             x86_64
2025-09-23T17:33:36Z,36e31fd9ad409db3d570dc00d822c45f20ea01cb,36e31fd,gcc-release,script_loader.cpp.o,unknown,CMakeFiles/macrodr_cli.dir/src/cli/script_loader.cpp.o,2.648000,Arquitectura:                             x86_64
2025-09-23T17:33:36Z,36e31fd9ad409db3d570dc00d822c45f20ea01cb,36e31fd,gcc-release,catch_generators_random.cpp.o,unknown,_deps/catch2-build/src/CMakeFiles/Catch2.dir/catch2/generators/catch_generators_random.cpp.o,4.288000,Arquitectura:                             x86_64
2025-09-23T17:33:36Z,36e31fd9ad409db3d570dc00d822c45f20ea01cb,36e31fd,gcc-release,catch_istream.cpp.o,unknown,_deps/catch2-build/src/CMakeFiles/Catch2.dir/catch2/internal/catch_istream.cpp.o,1.378000,Arquitectura:                             x86_64
2025-09-23T17:33:36Z,36e31fd9ad409db3d570dc00d822c45f20ea01cb,36e31fd,gcc-release,catch_source_line_info.cpp.o,unknown,_deps/catch2-build/src/CMakeFiles/Catch2.dir/catch2/internal/catch_source_line_info.cpp.o,1.506000,Arquitectura:                             x86_64
2025-09-23T17:33:36Z,36e31fd9ad409db3d570dc00d822c45f20ea01cb,36e31fd,gcc-release,catch_version.cpp.o,unknown,_deps/catch2-build/src/CMakeFiles/Catch2.dir/catch2/catch_version.cpp.o,1.173000,Arquitectura:                             x86_64
2025-09-23T17:33:36Z,36e31fd9ad409db3d570dc00d822c45f20ea01cb,36e31fd,gcc-release,catch_config.cpp.o,unknown,_deps/catch2-build/src/CMakeFiles/Catch2.dir/catch2/catch_config.cpp.o,6.284000,Arquitectura:                             x86_64
2025-09-23T17:33:36Z,36e31fd9ad409db3d570dc00d822c45f20ea01cb,36e31fd,gcc-release,catch_reporter_teamcity.cpp.o,unknown,_deps/catch2-build/src/CMakeFiles/Catch2.dir/catch2/reporters/catch_reporter_teamcity.cpp.o,6.499000,Arquitectura:                             x86_64
2025-09-23T17:33:36Z,36e31fd9ad409db3d570dc00d822c45f20ea01cb,36e31fd,gcc-release,catch_interfaces_reporter.cpp.o,unknown,_deps/catch2-build/src/CMakeFiles/Catch2.dir/catch2/interfaces/catch_interfaces_reporter.cpp.o,4.691000,Arquitectura:                             x86_64
2025-09-23T17:33:36Z,36e31fd9ad409db3d570dc00d822c45f20ea01cb,36e31fd,gcc-release,catch_approx.cpp.o,unknown,_deps/catch2-build/src/CMakeFiles/Catch2.dir/catch2/catch_approx.cpp.o,3.350000,Arquitectura:                             x86_64
2025-09-23T17:33:36Z,36e31fd9ad409db3d570dc00d822c45f20ea01cb,36e31fd,gcc-release,catch_interfaces_exception.cpp.o,unknown,_deps/catch2-build/src/CMakeFiles/Catch2.dir/catch2/interfaces/catch_interfaces_exception.cpp.o,1.169000,Arquitectura:                             x86_64
2025-09-23T17:33:36Z,36e31fd9ad409db3d570dc00d822c45f20ea01cb,36e31fd,gcc-release,catch_generator_exception.cpp.o,unknown,_deps/catch2-build/src/CMakeFiles/Catch2.dir/catch2/generators/catch_generator_exception.cpp.o,0.187000,Arquitectura:                             x86_64
2025-09-23T17:33:36Z,36e31fd9ad409db3d570dc00d822c45f20ea01cb,36e31fd,gcc-release,catch_get_random_seed.cpp.o,unknown,_deps/catch2-build/src/CMakeFiles/Catch2.dir/catch2/catch_get_random_seed.cpp.o,3.838000,Arquitectura:                             x86_64
2025-09-23T17:33:36Z,36e31fd9ad409db3d570dc00d822c45f20ea01cb,36e31fd,gcc-release,catch_reporter_xml.cpp.o,unknown,_deps/catch2-build/src/CMakeFiles/Catch2.dir/catch2/reporters/catch_reporter_xml.cpp.o,6.910000,Arquitectura:                             x86_64
2025-09-23T17:33:36Z,36e31fd9ad409db3d570dc00d822c45f20ea01cb,36e31fd,gcc-release,catch_parse_numbers.cpp.o,unknown,_deps/catch2-build/src/CMakeFiles/Catch2.dir/catch2/internal/catch_parse_numbers.cpp.o,1.338000,Arquitectura:                             x86_64
2025-09-23T17:33:36Z,36e31fd9ad409db3d570dc00d822c45f20ea01cb,36e31fd,gcc-release,catch_timer.cpp.o,unknown,_deps/catch2-build/src/CMakeFiles/Catch2.dir/catch2/catch_timer.cpp.o,3.760000,Arquitectura:                             x86_64
2025-09-23T17:33:36Z,36e31fd9ad409db3d570dc00d822c45f20ea01cb,36e31fd,gcc-release,catch_jsonwriter.cpp.o,unknown,_deps/catch2-build/src/CMakeFiles/Catch2.dir/catch2/internal/catch_jsonwriter.cpp.o,1.698000,Arquitectura:                             x86_64
2025-09-23T17:33:36Z,36e31fd9ad409db3d570dc00d822c45f20ea01cb,36e31fd,gcc-release,catch_run_for_at_least.cpp.o,unknown,_deps/catch2-build/src/CMakeFiles/Catch2.dir/catch2/benchmark/detail/catch_run_for_at_least.cpp.o,2.905000,Arquitectura:                             x86_64
2025-09-23T17:33:36Z,36e31fd9ad409db3d570dc00d822c45f20ea01cb,36e31fd,gcc-release,catch_tag_alias_autoregistrar.cpp.o,unknown,_deps/catch2-build/src/CMakeFiles/Catch2.dir/catch2/catch_tag_alias_autoregistrar.cpp.o,0.840000,Arquitectura:                             x86_64
2025-09-23T17:33:36Z,36e31fd9ad409db3d570dc00d822c45f20ea01cb,36e31fd,gcc-release,catch_interfaces_capture.cpp.o,unknown,_deps/catch2-build/src/CMakeFiles/Catch2.dir/catch2/interfaces/catch_interfaces_capture.cpp.o,3.655000,Arquitectura:                             x86_64
2025-09-23T17:33:36Z,36e31fd9ad409db3d570dc00d822c45f20ea01cb,36e31fd,gcc-release,catch_debug_console.cpp.o,unknown,_deps/catch2-build/src/CMakeFiles/Catch2.dir/catch2/internal/catch_debug_console.cpp.o,1.129000,Arquitectura:                             x86_64
2025-09-23T17:33:36Z,36e31fd9ad409db3d570dc00d822c45f20ea01cb,36e31fd,gcc-release,catch_matchers_templated.cpp.o,unknown,_deps/catch2-build/src/CMakeFiles/Catch2.dir/catch2/matchers/catch_matchers_templated.cpp.o,3.297000,Arquitectura:                             x86_64
2025-09-23T17:33:36Z,36e31fd9ad409db3d570dc00d822c45f20ea01cb,36e31fd,gcc-release,catch_section.cpp.o,unknown,_deps/catch2-build/src/CMakeFiles/Catch2.dir/catch2/internal/catch_section.cpp.o,2.726000,Arquitectura:                             x86_64
2025-09-23T17:33:36Z,36e31fd9ad409db3d570dc00d822c45f20ea01cb,36e31fd,gcc-release,catch_totals.cpp.o,unknown,_deps/catch2-build/src/CMakeFiles/Catch2.dir/catch2/catch_totals.cpp.o,0.159000,Arquitectura:                             x86_64
2025-09-23T17:33:36Z,36e31fd9ad409db3d570dc00d822c45f20ea01cb,36e31fd,gcc-release,catch_analyse.cpp.o,unknown,_deps/catch2-build/src/CMakeFiles/Catch2.dir/catch2/benchmark/detail/catch_analyse.cpp.o,2.563000,Arquitectura:                             x86_64
2025-09-23T17:33:36Z,36e31fd9ad409db3d570dc00d822c45f20ea01cb,36e31fd,gcc-release,catch_reporter_compact.cpp.o,unknown,_deps/catch2-build/src/CMakeFiles/Catch2.dir/catch2/reporters/catch_reporter_compact.cpp.o,3.993000,Arquitectura:                             x86_64
2025-09-23T17:33:36Z,36e31fd9ad409db3d570dc00d822c45f20ea01cb,36e31fd,gcc-release,catch_stdstreams.cpp.o,unknown,_deps/catch2-build/src/CMakeFiles/Catch2.dir/catch2/internal/catch_stdstreams.cpp.o,1.415000,Arquitectura:                             x86_64
2025-09-23T17:33:36Z,36e31fd9ad409db3d570dc00d822c45f20ea01cb,36e31fd,gcc-release,catch_chronometer.cpp.o,unknown,_deps/catch2-build/src/CMakeFiles/Catch2.dir/catch2/benchmark/catch_chronometer.cpp.o,3.610000,Arquitectura:                             x86_64
2025-09-23T17:33:36Z,36e31fd9ad409db3d570dc00d822c45f20ea01cb,36e31fd,gcc-release,catch_amalgamated.cpp.o,unknown,tests/CMakeFiles/macrodr_tests.dir/__/third_party/catch2/catch_amalgamated.cpp.o,25.943000,Arquitectura:                             x86_64
2025-09-23T17:33:36Z,36e31fd9ad409db3d570dc00d822c45f20ea01cb,36e31fd,gcc-release,catch_matchers_string.cpp.o,unknown,_deps/catch2-build/src/CMakeFiles/Catch2.dir/catch2/matchers/catch_matchers_string.cpp.o,17.598000,Arquitectura:                             x86_64
2025-09-23T17:33:36Z,36e31fd9ad409db3d570dc00d822c45f20ea01cb,36e31fd,gcc-release,main_helpers.cpp.o,unknown,CMakeFiles/macrodr_cli.dir/src/cli/main_helpers.cpp.o,25.346000,Arquitectura:                             x86_64
2025-09-23T17:33:36Z,36e31fd9ad409db3d570dc00d822c45f20ea01cb,36e31fd,gcc-release,catch_interfaces_testcase.cpp.o,unknown,_deps/catch2-build/src/CMakeFiles/Catch2.dir/catch2/interfaces/catch_interfaces_testcase.cpp.o,0.955000,Arquitectura:                             x86_64
2025-09-23T17:33:36Z,36e31fd9ad409db3d570dc00d822c45f20ea01cb,36e31fd,gcc-release,catch_matchers_container_properties.cpp.o,unknown,_deps/catch2-build/src/CMakeFiles/Catch2.dir/catch2/matchers/catch_matchers_container_properties.cpp.o,4.263000,Arquitectura:                             x86_64
2025-09-23T17:33:36Z,36e31fd9ad409db3d570dc00d822c45f20ea01cb,36e31fd,gcc-release,catch_getenv.cpp.o,unknown,_deps/catch2-build/src/CMakeFiles/Catch2.dir/catch2/internal/catch_getenv.cpp.o,0.122000,Arquitectura:                             x86_64
2025-09-23T17:33:36Z,36e31fd9ad409db3d570dc00d822c45f20ea01cb,36e31fd,gcc-release,main.cpp.o,unknown,CMakeFiles/macrodr_cli.dir/src/cli/main.cpp.o,0.048000,Arquitectura:                             x86_64
2025-09-23T17:33:36Z,36e31fd9ad409db3d570dc00d822c45f20ea01cb,36e31fd,gcc-release,catch_enforce.cpp.o,unknown,_deps/catch2-build/src/CMakeFiles/Catch2.dir/catch2/internal/catch_enforce.cpp.o,1.400000,Arquitectura:                             x86_64
2025-09-23T17:33:36Z,36e31fd9ad409db3d570dc00d822c45f20ea01cb,36e31fd,gcc-release,catch_interfaces_generatortracker.cpp.o,unknown,_deps/catch2-build/src/CMakeFiles/Catch2.dir/catch2/interfaces/catch_interfaces_generatortracker.cpp.o,0.904000,Arquitectura:                             x86_64
2025-09-23T17:33:36Z,36e31fd9ad409db3d570dc00d822c45f20ea01cb,36e31fd,gcc-release,catch_string_manip.cpp.o,unknown,_deps/catch2-build/src/CMakeFiles/Catch2.dir/catch2/internal/catch_string_manip.cpp.o,2.080000,Arquitectura:                             x86_64
2025-09-23T17:33:36Z,36e31fd9ad409db3d570dc00d822c45f20ea01cb,36e31fd,gcc-release,catch_reporter_event_listener.cpp.o,unknown,_deps/catch2-build/src/CMakeFiles/Catch2.dir/catch2/reporters/catch_reporter_event_listener.cpp.o,2.791000,Arquitectura:                             x86_64
2025-09-23T17:33:36Z,36e31fd9ad409db3d570dc00d822c45f20ea01cb,36e31fd,gcc-release,catch_registry_hub.cpp.o,unknown,_deps/catch2-build/src/CMakeFiles/Catch2.dir/catch2/catch_registry_hub.cpp.o,4.175000,Arquitectura:                             x86_64
2025-09-23T17:33:36Z,36e31fd9ad409db3d570dc00d822c45f20ea01cb,36e31fd,gcc-release,catch_matchers_exception.cpp.o,unknown,_deps/catch2-build/src/CMakeFiles/Catch2.dir/catch2/matchers/catch_matchers_exception.cpp.o,4.059000,Arquitectura:                             x86_64
2025-09-23T17:33:36Z,36e31fd9ad409db3d570dc00d822c45f20ea01cb,36e31fd,gcc-release,catch_reporter_sonarqube.cpp.o,unknown,_deps/catch2-build/src/CMakeFiles/Catch2.dir/catch2/reporters/catch_reporter_sonarqube.cpp.o,6.090000,Arquitectura:                             x86_64
2025-09-23T17:33:36Z,36e31fd9ad409db3d570dc00d822c45f20ea01cb,36e31fd,gcc-release,catch_matchers_impl.cpp.o,unknown,_deps/catch2-build/src/CMakeFiles/Catch2.dir/catch2/matchers/internal/catch_matchers_impl.cpp.o,2.512000,Arquitectura:                             x86_64
2025-09-23T17:33:36Z,36e31fd9ad409db3d570dc00d822c45f20ea01cb,36e31fd,gcc-release,catch_generators.cpp.o,unknown,_deps/catch2-build/src/CMakeFiles/Catch2.dir/catch2/generators/catch_generators.cpp.o,4.953000,Arquitectura:                             x86_64
2025-09-23T17:33:36Z,36e31fd9ad409db3d570dc00d822c45f20ea01cb,36e31fd,gcc-release,catch_reporter_helpers.cpp.o,unknown,_deps/catch2-build/src/CMakeFiles/Catch2.dir/catch2/reporters/catch_reporter_helpers.cpp.o,6.329000,Arquitectura:                             x86_64
2025-09-23T17:33:36Z,36e31fd9ad409db3d570dc00d822c45f20ea01cb,36e31fd,gcc-release,catch_run_context.cpp.o,unknown,_deps/catch2-build/src/CMakeFiles/Catch2.dir/catch2/internal/catch_run_context.cpp.o,6.124000,Arquitectura:                             x86_64
2025-09-23T17:33:36Z,36e31fd9ad409db3d570dc00d822c45f20ea01cb,36e31fd,gcc-release,catch_assertion_result.cpp.o,unknown,_deps/catch2-build/src/CMakeFiles/Catch2.dir/catch2/catch_assertion_result.cpp.o,1.118000,Arquitectura:                             x86_64
2025-09-23T17:33:36Z,36e31fd9ad409db3d570dc00d822c45f20ea01cb,36e31fd,gcc-release,cli_parser.cpp.o,unknown,CMakeFiles/macrodr_cli.dir/src/cli/cli_parser.cpp.o,2.546000,Arquitectura:                             x86_64
2025-09-23T17:33:36Z,36e31fd9ad409db3d570dc00d822c45f20ea01cb,36e31fd,gcc-release,catch_message.cpp.o,unknown,_deps/catch2-build/src/CMakeFiles/Catch2.dir/catch2/catch_message.cpp.o,3.049000,Arquitectura:                             x86_64
2025-09-23T17:33:36Z,36e31fd9ad409db3d570dc00d822c45f20ea01cb,36e31fd,gcc-release,catch_benchmark_function.cpp.o,unknown,_deps/catch2-build/src/CMakeFiles/Catch2.dir/catch2/benchmark/detail/catch_benchmark_function.cpp.o,3.649000,Arquitectura:                             x86_64
2025-09-23T17:33:36Z,36e31fd9ad409db3d570dc00d822c45f20ea01cb,36e31fd,gcc-release,catch_reporter_registry.cpp.o,unknown,_deps/catch2-build/src/CMakeFiles/Catch2.dir/catch2/internal/catch_reporter_registry.cpp.o,4.642000,Arquitectura:                             x86_64
2025-09-23T17:33:36Z,36e31fd9ad409db3d570dc00d822c45f20ea01cb,36e31fd,gcc-release,catch_reporter_automake.cpp.o,unknown,_deps/catch2-build/src/CMakeFiles/Catch2.dir/catch2/reporters/catch_reporter_automake.cpp.o,2.583000,Arquitectura:                             x86_64
2025-09-23T17:33:36Z,36e31fd9ad409db3d570dc00d822c45f20ea01cb,36e31fd,gcc-release,main_helpers.cpp.o,unknown,CMakeFiles/macrodr_cli_helpers.dir/src/cli/main_helpers.cpp.o,58.143000,Arquitectura:                             x86_64
2025-09-23T17:33:36Z,36e31fd9ad409db3d570dc00d822c45f20ea01cb,36e31fd,gcc-release,catch_context.cpp.o,unknown,_deps/catch2-build/src/CMakeFiles/Catch2.dir/catch2/internal/catch_context.cpp.o,0.144000,Arquitectura:                             x86_64
2025-09-23T17:33:36Z,36e31fd9ad409db3d570dc00d822c45f20ea01cb,36e31fd,gcc-release,catch_reporter_common_base.cpp.o,unknown,_deps/catch2-build/src/CMakeFiles/Catch2.dir/catch2/reporters/catch_reporter_common_base.cpp.o,4.798000,Arquitectura:                             x86_64
2025-09-23T17:33:36Z,36e31fd9ad409db3d570dc00d822c45f20ea01cb,36e31fd,gcc-release,catch_reporter_cumulative_base.cpp.o,unknown,_deps/catch2-build/src/CMakeFiles/Catch2.dir/catch2/reporters/catch_reporter_cumulative_base.cpp.o,6.683000,Arquitectura:                             x86_64
2025-09-23T17:33:36Z,36e31fd9ad409db3d570dc00d822c45f20ea01cb,36e31fd,gcc-release,catch_test_failure_exception.cpp.o,unknown,_deps/catch2-build/src/CMakeFiles/Catch2.dir/catch2/internal/catch_test_failure_exception.cpp.o,1.392000,Arquitectura:                             x86_64
2025-09-23T17:33:36Z,36e31fd9ad409db3d570dc00d822c45f20ea01cb,36e31fd,gcc-release,catch_singletons.cpp.o,unknown,_deps/catch2-build/src/CMakeFiles/Catch2.dir/catch2/internal/catch_singletons.cpp.o,1.027000,Arquitectura:                             x86_64
2025-09-23T17:33:36Z,36e31fd9ad409db3d570dc00d822c45f20ea01cb,36e31fd,gcc-release,catch_stats.cpp.o,unknown,_deps/catch2-build/src/CMakeFiles/Catch2.dir/catch2/benchmark/detail/catch_stats.cpp.o,5.014000,Arquitectura:                             x86_64
2025-09-23T17:33:36Z,36e31fd9ad409db3d570dc00d822c45f20ea01cb,36e31fd,gcc-release,catch_session.cpp.o,unknown,_deps/catch2-build/src/CMakeFiles/Catch2.dir/catch2/catch_session.cpp.o,10.333000,Arquitectura:                             x86_64
2025-09-23T17:33:36Z,36e31fd9ad409db3d570dc00d822c45f20ea01cb,36e31fd,gcc-release,catch_debugger.cpp.o,unknown,_deps/catch2-build/src/CMakeFiles/Catch2.dir/catch2/internal/catch_debugger.cpp.o,1.428000,Arquitectura:                             x86_64
2025-09-23T17:33:36Z,36e31fd9ad409db3d570dc00d822c45f20ea01cb,36e31fd,gcc-release,catch_fatal_condition_handler.cpp.o,unknown,_deps/catch2-build/src/CMakeFiles/Catch2.dir/catch2/internal/catch_fatal_condition_handler.cpp.o,3.361000,Arquitectura:                             x86_64
2025-09-23T17:33:36Z,36e31fd9ad409db3d570dc00d822c45f20ea01cb,36e31fd,gcc-release,catch_test_case_info.cpp.o,unknown,_deps/catch2-build/src/CMakeFiles/Catch2.dir/catch2/catch_test_case_info.cpp.o,3.130000,Arquitectura:                             x86_64
2025-09-23T17:33:36Z,36e31fd9ad409db3d570dc00d822c45f20ea01cb,36e31fd,gcc-release,catch_test_case_tracker.cpp.o,unknown,_deps/catch2-build/src/CMakeFiles/Catch2.dir/catch2/internal/catch_test_case_tracker.cpp.o,3.087000,Arquitectura:                             x86_64
2025-09-23T17:33:36Z,36e31fd9ad409db3d570dc00d822c45f20ea01cb,36e31fd,gcc-release,catch_leak_detector.cpp.o,unknown,_deps/catch2-build/src/CMakeFiles/Catch2.dir/catch2/internal/catch_leak_detector.cpp.o,0.724000,Arquitectura:                             x86_64
2025-09-23T17:33:36Z,36e31fd9ad409db3d570dc00d822c45f20ea01cb,36e31fd,gcc-release,catch_tag_alias_registry.cpp.o,unknown,_deps/catch2-build/src/CMakeFiles/Catch2.dir/catch2/internal/catch_tag_alias_registry.cpp.o,2.430000,Arquitectura:                             x86_64
2025-09-23T17:33:36Z,36e31fd9ad409db3d570dc00d822c45f20ea01cb,36e31fd,gcc-release,catch_test_case_registry_impl.cpp.o,unknown,_deps/catch2-build/src/CMakeFiles/Catch2.dir/catch2/internal/catch_test_case_registry_impl.cpp.o,5.377000,Arquitectura:                             x86_64
2025-09-23T17:33:36Z,36e31fd9ad409db3d570dc00d822c45f20ea01cb,36e31fd,gcc-release,catch_main.cpp.o,unknown,_deps/catch2-build/src/CMakeFiles/Catch2WithMain.dir/catch2/internal/catch_main.cpp.o,2.874000,Arquitectura:                             x86_64
2025-09-23T17:33:36Z,36e31fd9ad409db3d570dc00d822c45f20ea01cb,36e31fd,gcc-release,catch_test_case_info_hasher.cpp.o,unknown,_deps/catch2-build/src/CMakeFiles/Catch2.dir/catch2/internal/catch_test_case_info_hasher.cpp.o,1.004000,Arquitectura:                             x86_64
2025-09-23T17:33:36Z,36e31fd9ad409db3d570dc00d822c45f20ea01cb,36e31fd,gcc-release,catch_interfaces_registry_hub.cpp.o,unknown,_deps/catch2-build/src/CMakeFiles/Catch2.dir/catch2/interfaces/catch_interfaces_registry_hub.cpp.o,0.840000,Arquitectura:                             x86_64
2025-09-23T17:33:36Z,36e31fd9ad409db3d570dc00d822c45f20ea01cb,36e31fd,gcc-release,catch_reporter_spec_parser.cpp.o,unknown,_deps/catch2-build/src/CMakeFiles/Catch2.dir/catch2/internal/catch_reporter_spec_parser.cpp.o,4.659000,Arquitectura:                             x86_64
2025-09-23T17:33:36Z,36e31fd9ad409db3d570dc00d822c45f20ea01cb,36e31fd,gcc-release,catch_interfaces_config.cpp.o,unknown,_deps/catch2-build/src/CMakeFiles/Catch2.dir/catch2/interfaces/catch_interfaces_config.cpp.o,2.632000,Arquitectura:                             x86_64
2025-09-23T17:33:36Z,36e31fd9ad409db3d570dc00d822c45f20ea01cb,36e31fd,gcc-release,catch_message_info.cpp.o,unknown,_deps/catch2-build/src/CMakeFiles/Catch2.dir/catch2/internal/catch_message_info.cpp.o,1.080000,Arquitectura:                             x86_64
2025-09-23T17:33:36Z,36e31fd9ad409db3d570dc00d822c45f20ea01cb,36e31fd,gcc-release,path_resolver.cpp.o,unknown,CMakeFiles/macrodr_core.dir/src/core/path_resolver.cpp.o,3.819000,Arquitectura:                             x86_64
2025-09-23T17:33:36Z,36e31fd9ad409db3d570dc00d822c45f20ea01cb,36e31fd,gcc-release,load_model.cpp.o,unknown,CMakeFiles/macrodr_core.dir/src/core/load_model.cpp.o,25.566000,Arquitectura:                             x86_64
2025-09-23T17:33:36Z,36e31fd9ad409db3d570dc00d822c45f20ea01cb,36e31fd,gcc-release,catch_reporter_multi.cpp.o,unknown,_deps/catch2-build/src/CMakeFiles/Catch2.dir/catch2/reporters/catch_reporter_multi.cpp.o,7.904000,Arquitectura:                             x86_64
2025-09-23T17:33:36Z,36e31fd9ad409db3d570dc00d822c45f20ea01cb,36e31fd,gcc-release,catch_matchers.cpp.o,unknown,_deps/catch2-build/src/CMakeFiles/Catch2.dir/catch2/matchers/catch_matchers.cpp.o,2.902000,Arquitectura:                             x86_64
2025-09-23T17:33:36Z,36e31fd9ad409db3d570dc00d822c45f20ea01cb,36e31fd,gcc-release,catch_errno_guard.cpp.o,unknown,_deps/catch2-build/src/CMakeFiles/Catch2.dir/catch2/internal/catch_errno_guard.cpp.o,0.062000,Arquitectura:                             x86_64
2025-09-23T17:33:36Z,36e31fd9ad409db3d570dc00d822c45f20ea01cb,36e31fd,gcc-release,catch_reusable_string_stream.cpp.o,unknown,_deps/catch2-build/src/CMakeFiles/Catch2.dir/catch2/internal/catch_reusable_string_stream.cpp.o,2.537000,Arquitectura:                             x86_64
2025-09-23T17:33:36Z,36e31fd9ad409db3d570dc00d822c45f20ea01cb,36e31fd,gcc-release,catch_test_spec_parser.cpp.o,unknown,_deps/catch2-build/src/CMakeFiles/Catch2.dir/catch2/internal/catch_test_spec_parser.cpp.o,3.458000,Arquitectura:                             x86_64
2025-09-23T17:33:36Z,36e31fd9ad409db3d570dc00d822c45f20ea01cb,36e31fd,gcc-release,commands.cpp.o,unknown,CMakeFiles/macrodr_core.dir/src/core/commands.cpp.o,0.102000,Arquitectura:                             x86_64
2025-09-23T17:33:36Z,36e31fd9ad409db3d570dc00d822c45f20ea01cb,36e31fd,gcc-release,catch_decomposer.cpp.o,unknown,_deps/catch2-build/src/CMakeFiles/Catch2.dir/catch2/internal/catch_decomposer.cpp.o,3.747000,Arquitectura:                             x86_64
2025-09-23T17:33:36Z,36e31fd9ad409db3d570dc00d822c45f20ea01cb,36e31fd,gcc-release,catch_translate_exception.cpp.o,unknown,_deps/catch2-build/src/CMakeFiles/Catch2.dir/catch2/catch_translate_exception.cpp.o,1.241000,Arquitectura:                             x86_64
2025-09-23T17:33:36Z,36e31fd9ad409db3d570dc00d822c45f20ea01cb,36e31fd,gcc-release,catch_interfaces_reporter_factory.cpp.o,unknown,_deps/catch2-build/src/CMakeFiles/Catch2.dir/catch2/interfaces/catch_interfaces_reporter_factory.cpp.o,0.597000,Arquitectura:                             x86_64
2025-09-23T17:33:36Z,36e31fd9ad409db3d570dc00d822c45f20ea01cb,36e31fd,gcc-release,catch_reporter_tap.cpp.o,unknown,_deps/catch2-build/src/CMakeFiles/Catch2.dir/catch2/reporters/catch_reporter_tap.cpp.o,4.218000,Arquitectura:                             x86_64
2025-09-23T17:33:36Z,36e31fd9ad409db3d570dc00d822c45f20ea01cb,36e31fd,gcc-release,catch_result_type.cpp.o,unknown,_deps/catch2-build/src/CMakeFiles/Catch2.dir/catch2/internal/catch_result_type.cpp.o,0.091000,Arquitectura:                             x86_64
2025-09-23T17:33:36Z,36e31fd9ad409db3d570dc00d822c45f20ea01cb,36e31fd,gcc-release,catch_matchers_predicate.cpp.o,unknown,_deps/catch2-build/src/CMakeFiles/Catch2.dir/catch2/matchers/catch_matchers_predicate.cpp.o,5.252000,Arquitectura:                             x86_64
2025-09-23T17:33:36Z,36e31fd9ad409db3d570dc00d822c45f20ea01cb,36e31fd,gcc-release,catch_list.cpp.o,unknown,_deps/catch2-build/src/CMakeFiles/Catch2.dir/catch2/internal/catch_list.cpp.o,6.607000,Arquitectura:                             x86_64
2025-09-23T17:33:36Z,36e31fd9ad409db3d570dc00d822c45f20ea01cb,36e31fd,gcc-release,catch_output_redirect.cpp.o,unknown,_deps/catch2-build/src/CMakeFiles/Catch2.dir/catch2/internal/catch_output_redirect.cpp.o,1.829000,Arquitectura:                             x86_64
2025-09-23T17:33:36Z,36e31fd9ad409db3d570dc00d822c45f20ea01cb,36e31fd,gcc-release,catch_commandline.cpp.o,unknown,_deps/catch2-build/src/CMakeFiles/Catch2.dir/catch2/internal/catch_commandline.cpp.o,11.190000,Arquitectura:                             x86_64
2025-09-23T17:33:36Z,36e31fd9ad409db3d570dc00d822c45f20ea01cb,36e31fd,gcc-release,catch_xmlwriter.cpp.o,unknown,_deps/catch2-build/src/CMakeFiles/Catch2.dir/catch2/internal/catch_xmlwriter.cpp.o,2.034000,Arquitectura:                             x86_64
2025-09-23T17:33:36Z,36e31fd9ad409db3d570dc00d822c45f20ea01cb,36e31fd,gcc-release,catch_matchers_floating_point.cpp.o,unknown,_deps/catch2-build/src/CMakeFiles/Catch2.dir/catch2/matchers/catch_matchers_floating_point.cpp.o,5.647000,Arquitectura:                             x86_64
2025-09-23T17:33:36Z,36e31fd9ad409db3d570dc00d822c45f20ea01cb,36e31fd,gcc-release,test_cli_helpers.cpp.o,unknown,tests/CMakeFiles/macrodr_tests.dir/cli/test_cli_helpers.cpp.o,4.565000,Arquitectura:                             x86_64
2025-09-23T17:33:36Z,36e31fd9ad409db3d570dc00d822c45f20ea01cb,36e31fd,gcc-release,catch_test_registry.cpp.o,unknown,_deps/catch2-build/src/CMakeFiles/Catch2.dir/catch2/internal/catch_test_registry.cpp.o,1.156000,Arquitectura:                             x86_64
2025-09-23T17:33:36Z,36e31fd9ad409db3d570dc00d822c45f20ea01cb,36e31fd,gcc-release,catch_uncaught_exceptions.cpp.o,unknown,_deps/catch2-build/src/CMakeFiles/Catch2.dir/catch2/internal/catch_uncaught_exceptions.cpp.o,0.142000,Arquitectura:                             x86_64
2025-09-23T17:33:36Z,36e31fd9ad409db3d570dc00d822c45f20ea01cb,36e31fd,gcc-release,catch_random_seed_generation.cpp.o,unknown,_deps/catch2-build/src/CMakeFiles/Catch2.dir/catch2/internal/catch_random_seed_generation.cpp.o,1.300000,Arquitectura:                             x86_64
2025-09-23T17:33:36Z,36e31fd9ad409db3d570dc00d822c45f20ea01cb,36e31fd,gcc-release,catch_lazy_expr.cpp.o,unknown,_deps/catch2-build/src/CMakeFiles/Catch2.dir/catch2/internal/catch_lazy_expr.cpp.o,3.355000,Arquitectura:                             x86_64
2025-09-23T17:33:36Z,36e31fd9ad409db3d570dc00d822c45f20ea01cb,36e31fd,gcc-release,catch_random_number_generator.cpp.o,unknown,_deps/catch2-build/src/CMakeFiles/Catch2.dir/catch2/internal/catch_random_number_generator.cpp.o,0.095000,Arquitectura:                             x86_64
2025-09-23T17:33:36Z,36e31fd9ad409db3d570dc00d822c45f20ea01cb,36e31fd,gcc-release,catch_clara.cpp.o,unknown,_deps/catch2-build/src/CMakeFiles/Catch2.dir/catch2/internal/catch_clara.cpp.o,5.145000,Arquitectura:                             x86_64
2025-09-23T17:33:36Z,36e31fd9ad409db3d570dc00d822c45f20ea01cb,36e31fd,gcc-release,catch_tostring.cpp.o,unknown,_deps/catch2-build/src/CMakeFiles/Catch2.dir/catch2/catch_tostring.cpp.o,4.907000,Arquitectura:                             x86_64
2025-09-23T17:33:36Z,36e31fd9ad409db3d570dc00d822c45f20ea01cb,36e31fd,gcc-release,catch_textflow.cpp.o,unknown,_deps/catch2-build/src/CMakeFiles/Catch2.dir/catch2/internal/catch_textflow.cpp.o,2.226000,Arquitectura:                             x86_64
2025-09-23T17:33:36Z,36e31fd9ad409db3d570dc00d822c45f20ea01cb,36e31fd,gcc-release,cli_meta.cpp.o,unknown,CMakeFiles/macrodr_core.dir/src/core/cli_meta.cpp.o,9.298000,Arquitectura:                             x86_64
2025-09-23T17:33:36Z,36e31fd9ad409db3d570dc00d822c45f20ea01cb,36e31fd,gcc-release,catch_startup_exception_registry.cpp.o,unknown,_deps/catch2-build/src/CMakeFiles/Catch2.dir/catch2/internal/catch_startup_exception_registry.cpp.o,0.939000,Arquitectura:                             x86_64
2025-09-23T17:33:36Z,36e31fd9ad409db3d570dc00d822c45f20ea01cb,36e31fd,gcc-release,catch_reporter_json.cpp.o,unknown,_deps/catch2-build/src/CMakeFiles/Catch2.dir/catch2/reporters/catch_reporter_json.cpp.o,7.834000,Arquitectura:                             x86_64
2025-09-23T17:33:36Z,36e31fd9ad409db3d570dc00d822c45f20ea01cb,36e31fd,gcc-release,catch_assertion_handler.cpp.o,unknown,_deps/catch2-build/src/CMakeFiles/Catch2.dir/catch2/internal/catch_assertion_handler.cpp.o,4.169000,Arquitectura:                             x86_64
2025-09-23T17:33:36Z,36e31fd9ad409db3d570dc00d822c45f20ea01cb,36e31fd,gcc-release,catch_console_colour.cpp.o,unknown,_deps/catch2-build/src/CMakeFiles/Catch2.dir/catch2/internal/catch_console_colour.cpp.o,4.863000,Arquitectura:                             x86_64
2025-09-23T17:33:36Z,36e31fd9ad409db3d570dc00d822c45f20ea01cb,36e31fd,gcc-release,catch_polyfills.cpp.o,unknown,_deps/catch2-build/src/CMakeFiles/Catch2.dir/catch2/internal/catch_polyfills.cpp.o,0.420000,Arquitectura:                             x86_64
2025-09-23T17:33:36Z,36e31fd9ad409db3d570dc00d822c45f20ea01cb,36e31fd,gcc-release,catch_reporter_console.cpp.o,unknown,_deps/catch2-build/src/CMakeFiles/Catch2.dir/catch2/reporters/catch_reporter_console.cpp.o,8.067000,Arquitectura:                             x86_64
2025-09-23T17:33:36Z,36e31fd9ad409db3d570dc00d822c45f20ea01cb,36e31fd,gcc-release,catch_exception_translator_registry.cpp.o,unknown,_deps/catch2-build/src/CMakeFiles/Catch2.dir/catch2/internal/catch_exception_translator_registry.cpp.o,2.563000,Arquitectura:                             x86_64
2025-09-23T17:33:36Z,36e31fd9ad409db3d570dc00d822c45f20ea01cb,36e31fd,gcc-release,catch_reporter_junit.cpp.o,unknown,_deps/catch2-build/src/CMakeFiles/Catch2.dir/catch2/reporters/catch_reporter_junit.cpp.o,5.822000,Arquitectura:                             x86_64
2025-09-23T17:33:36Z,36e31fd9ad409db3d570dc00d822c45f20ea01cb,36e31fd,gcc-release,catch_test_spec.cpp.o,unknown,_deps/catch2-build/src/CMakeFiles/Catch2.dir/catch2/catch_test_spec.cpp.o,3.683000,Arquitectura:                             x86_64
2025-09-23T17:33:36Z,36e31fd9ad409db3d570dc00d822c45f20ea01cb,36e31fd,gcc-release,scratch.cpp.o,unknown,CMakeFiles/macrodr_cli.dir/src/cli/scratch.cpp.o,3.652000,Arquitectura:                             x86_64
2025-09-23T17:33:36Z,36e31fd9ad409db3d570dc00d822c45f20ea01cb,36e31fd,gcc-release,load_experiment.cpp.o,unknown,CMakeFiles/macrodr_core.dir/src/core/load_experiment.cpp.o,8.910000,Arquitectura:                             x86_64
2025-09-23T17:33:36Z,36e31fd9ad409db3d570dc00d822c45f20ea01cb,36e31fd,gcc-release,catch_reporter_streaming_base.cpp.o,unknown,_deps/catch2-build/src/CMakeFiles/Catch2.dir/catch2/reporters/catch_reporter_streaming_base.cpp.o,2.877000,Arquitectura:                             x86_64
2025-09-23T17:33:36Z,36e31fd9ad409db3d570dc00d822c45f20ea01cb,36e31fd,gcc-release,catch_stringref.cpp.o,unknown,_deps/catch2-build/src/CMakeFiles/Catch2.dir/catch2/internal/catch_stringref.cpp.o,1.624000,Arquitectura:                             x86_64
2025-09-23T17:33:36Z,36e31fd9ad409db3d570dc00d822c45f20ea01cb,36e31fd,gcc-release,command_manager.cpp.o,unknown,CMakeFiles/macrodr_cli.dir/src/cli/command_manager.cpp.o,75.400000,Arquitectura:                             x86_64
2025-09-23T17:33:36Z,36e31fd9ad409db3d570dc00d822c45f20ea01cb,36e31fd,gcc-release,catch_floating_point_helpers.cpp.o,unknown,_deps/catch2-build/src/CMakeFiles/Catch2.dir/catch2/internal/catch_floating_point_helpers.cpp.o,0.494000,Arquitectura:                             x86_64
2025-09-23T17:33:36Z,36e31fd9ad409db3d570dc00d822c45f20ea01cb,36e31fd,gcc-release,catch_wildcard_pattern.cpp.o,unknown,_deps/catch2-build/src/CMakeFiles/Catch2.dir/catch2/internal/catch_wildcard_pattern.cpp.o,0.926000,Arquitectura:                             x86_64
2025-09-23T17:33:36Z,36e31fd9ad409db3d570dc00d822c45f20ea01cb,36e31fd,gcc-release,simulate.cpp.o,unknown,CMakeFiles/macrodr_core.dir/src/core/simulate.cpp.o,33.145000,Arquitectura:                             x86_64
2025-09-23T17:33:36Z,36e31fd9ad409db3d570dc00d822c45f20ea01cb,36e31fd,gcc-release,catch_matchers_quantifiers.cpp.o,unknown,_deps/catch2-build/src/CMakeFiles/Catch2.dir/catch2/matchers/catch_matchers_quantifiers.cpp.o,3.447000,Arquitectura:                             x86_64
2025-09-23T17:33:36Z,36e31fd9ad409db3d570dc00d822c45f20ea01cb,36e31fd,gcc-release,catch_reporter_registrars.cpp.o,unknown,_deps/catch2-build/src/CMakeFiles/Catch2.dir/catch2/reporters/catch_reporter_registrars.cpp.o,1.472000,Arquitectura:                             x86_64
2025-09-23T17:33:36Z,36e31fd9ad409db3d570dc00d822c45f20ea01cb,36e31fd,gcc-release,arguments.cpp.o,unknown,CMakeFiles/macrodr_cli_helpers.dir/src/cli/app/arguments.cpp.o,1.109000,Arquitectura:                             x86_64
2025-09-23T17:33:36Z,36e31fd9ad409db3d570dc00d822c45f20ea01cb,36e31fd,gcc-release,parse_cli_options.cpp.o,unknown,CMakeFiles/macrodr_cli_helpers.dir/src/cli/app/parse_cli_options.cpp.o,2.845000,Arquitectura:                             x86_64
2025-09-23T17:33:36Z,36e31fd9ad409db3d570dc00d822c45f20ea01cb,36e31fd,gcc-release,immediate_flags.cpp.o,unknown,CMakeFiles/macrodr_cli_helpers.dir/src/cli/app/immediate_flags.cpp.o,3.116000,Arquitectura:                             x86_64
2025-09-23T17:33:36Z,36e31fd9ad409db3d570dc00d822c45f20ea01cb,36e31fd,gcc-release,script_assembly.cpp.o,unknown,CMakeFiles/macrodr_cli_helpers.dir/src/cli/app/script_assembly.cpp.o,3.308000,Arquitectura:                             x86_64
2025-09-23T17:33:36Z,36e31fd9ad409db3d570dc00d822c45f20ea01cb,36e31fd,gcc-release,workspace_persistence.cpp.o,unknown,CMakeFiles/macrodr_cli_helpers.dir/src/cli/app/workspace_persistence.cpp.o,1.981000,Arquitectura:                             x86_64
2025-09-23T17:33:36Z,36e31fd9ad409db3d570dc00d822c45f20ea01cb,36e31fd,gcc-release,working_directory.cpp.o,unknown,CMakeFiles/macrodr_cli_helpers.dir/src/cli/app/working_directory.cpp.o,3.159000,Arquitectura:                             x86_64
2025-09-23T17:33:36Z,36e31fd9ad409db3d570dc00d822c45f20ea01cb,36e31fd,gcc-release,execute_program.cpp.o,unknown,CMakeFiles/macrodr_cli_helpers.dir/src/cli/app/execute_program.cpp.o,17.249000,Arquitectura:                             x86_64
2025-09-23T17:33:36Z,36e31fd9ad409db3d570dc00d822c45f20ea01cb,36e31fd,gcc-release,main_flow.cpp.o,unknown,CMakeFiles/macrodr_cli_helpers.dir/src/cli/app/main_flow.cpp.o,31.744000,Arquitectura:                             x86_64
2025-09-23T17:47:33Z,36e31fd9ad409db3d570dc00d822c45f20ea01cb,36e31fd-dirty,gcc-release,execute_program.cpp.o,unknown,CMakeFiles/macrodr_cli_helpers.dir/src/cli/app/execute_program.cpp.o,16.731000,Intel(R) Core(TM) i7-7700HQ CPU @ 2.80GHz
2025-09-23T17:47:33Z,36e31fd9ad409db3d570dc00d822c45f20ea01cb,36e31fd-dirty,gcc-release,working_directory.cpp.o,unknown,CMakeFiles/macrodr_cli_helpers.dir/src/cli/app/working_directory.cpp.o,3.448000,Intel(R) Core(TM) i7-7700HQ CPU @ 2.80GHz
2025-09-23T17:47:33Z,36e31fd9ad409db3d570dc00d822c45f20ea01cb,36e31fd-dirty,gcc-release,workspace_persistence.cpp.o,unknown,CMakeFiles/macrodr_cli_helpers.dir/src/cli/app/workspace_persistence.cpp.o,1.776000,Intel(R) Core(TM) i7-7700HQ CPU @ 2.80GHz
2025-09-23T17:47:33Z,36e31fd9ad409db3d570dc00d822c45f20ea01cb,36e31fd-dirty,gcc-release,script_assembly.cpp.o,unknown,CMakeFiles/macrodr_cli_helpers.dir/src/cli/app/script_assembly.cpp.o,2.848000,Intel(R) Core(TM) i7-7700HQ CPU @ 2.80GHz
2025-09-23T17:47:33Z,36e31fd9ad409db3d570dc00d822c45f20ea01cb,36e31fd-dirty,gcc-release,immediate_flags.cpp.o,unknown,CMakeFiles/macrodr_cli_helpers.dir/src/cli/app/immediate_flags.cpp.o,2.643000,Intel(R) Core(TM) i7-7700HQ CPU @ 2.80GHz
2025-09-23T17:47:33Z,36e31fd9ad409db3d570dc00d822c45f20ea01cb,36e31fd-dirty,gcc-release,parse_cli_options.cpp.o,unknown,CMakeFiles/macrodr_cli_helpers.dir/src/cli/app/parse_cli_options.cpp.o,2.717000,Intel(R) Core(TM) i7-7700HQ CPU @ 2.80GHz
2025-09-23T17:47:33Z,36e31fd9ad409db3d570dc00d822c45f20ea01cb,36e31fd-dirty,gcc-release,catch_reporter_registrars.cpp.o,unknown,_deps/catch2-build/src/CMakeFiles/Catch2.dir/catch2/reporters/catch_reporter_registrars.cpp.o,1.472000,Intel(R) Core(TM) i7-7700HQ CPU @ 2.80GHz
2025-09-23T17:47:33Z,36e31fd9ad409db3d570dc00d822c45f20ea01cb,36e31fd-dirty,gcc-release,catch_matchers_quantifiers.cpp.o,unknown,_deps/catch2-build/src/CMakeFiles/Catch2.dir/catch2/matchers/catch_matchers_quantifiers.cpp.o,3.447000,Intel(R) Core(TM) i7-7700HQ CPU @ 2.80GHz
2025-09-23T17:47:33Z,36e31fd9ad409db3d570dc00d822c45f20ea01cb,36e31fd-dirty,gcc-release,simulate.cpp.o,unknown,CMakeFiles/macrodr_core.dir/src/core/simulate.cpp.o,29.882000,Intel(R) Core(TM) i7-7700HQ CPU @ 2.80GHz
2025-09-23T17:47:33Z,36e31fd9ad409db3d570dc00d822c45f20ea01cb,36e31fd-dirty,gcc-release,catch_wildcard_pattern.cpp.o,unknown,_deps/catch2-build/src/CMakeFiles/Catch2.dir/catch2/internal/catch_wildcard_pattern.cpp.o,0.926000,Intel(R) Core(TM) i7-7700HQ CPU @ 2.80GHz
2025-09-23T17:47:33Z,36e31fd9ad409db3d570dc00d822c45f20ea01cb,36e31fd-dirty,gcc-release,catch_reporter_registry.cpp.o,unknown,_deps/catch2-build/src/CMakeFiles/Catch2.dir/catch2/internal/catch_reporter_registry.cpp.o,4.642000,Intel(R) Core(TM) i7-7700HQ CPU @ 2.80GHz
2025-09-23T17:47:33Z,36e31fd9ad409db3d570dc00d822c45f20ea01cb,36e31fd-dirty,gcc-release,catch_benchmark_function.cpp.o,unknown,_deps/catch2-build/src/CMakeFiles/Catch2.dir/catch2/benchmark/detail/catch_benchmark_function.cpp.o,3.649000,Intel(R) Core(TM) i7-7700HQ CPU @ 2.80GHz
2025-09-23T17:47:33Z,36e31fd9ad409db3d570dc00d822c45f20ea01cb,36e31fd-dirty,gcc-release,catch_reporter_helpers.cpp.o,unknown,_deps/catch2-build/src/CMakeFiles/Catch2.dir/catch2/reporters/catch_reporter_helpers.cpp.o,6.329000,Intel(R) Core(TM) i7-7700HQ CPU @ 2.80GHz
2025-09-23T17:47:33Z,36e31fd9ad409db3d570dc00d822c45f20ea01cb,36e31fd-dirty,gcc-release,catch_generators.cpp.o,unknown,_deps/catch2-build/src/CMakeFiles/Catch2.dir/catch2/generators/catch_generators.cpp.o,4.953000,Intel(R) Core(TM) i7-7700HQ CPU @ 2.80GHz
2025-09-23T17:47:33Z,36e31fd9ad409db3d570dc00d822c45f20ea01cb,36e31fd-dirty,gcc-release,catch_assertion_result.cpp.o,unknown,_deps/catch2-build/src/CMakeFiles/Catch2.dir/catch2/catch_assertion_result.cpp.o,1.118000,Intel(R) Core(TM) i7-7700HQ CPU @ 2.80GHz
2025-09-23T17:47:33Z,36e31fd9ad409db3d570dc00d822c45f20ea01cb,36e31fd-dirty,gcc-release,catch_run_context.cpp.o,unknown,_deps/catch2-build/src/CMakeFiles/Catch2.dir/catch2/internal/catch_run_context.cpp.o,6.124000,Intel(R) Core(TM) i7-7700HQ CPU @ 2.80GHz
2025-09-23T17:47:33Z,36e31fd9ad409db3d570dc00d822c45f20ea01cb,36e31fd-dirty,gcc-release,catch_enforce.cpp.o,unknown,_deps/catch2-build/src/CMakeFiles/Catch2.dir/catch2/internal/catch_enforce.cpp.o,1.400000,Intel(R) Core(TM) i7-7700HQ CPU @ 2.80GHz
2025-09-23T17:47:33Z,36e31fd9ad409db3d570dc00d822c45f20ea01cb,36e31fd-dirty,gcc-release,main.cpp.o,unknown,CMakeFiles/macrodr_cli.dir/src/cli/main.cpp.o,0.056000,Intel(R) Core(TM) i7-7700HQ CPU @ 2.80GHz
2025-09-23T17:47:33Z,36e31fd9ad409db3d570dc00d822c45f20ea01cb,36e31fd-dirty,gcc-release,catch_message.cpp.o,unknown,_deps/catch2-build/src/CMakeFiles/Catch2.dir/catch2/catch_message.cpp.o,3.049000,Intel(R) Core(TM) i7-7700HQ CPU @ 2.80GHz
2025-09-23T17:47:33Z,36e31fd9ad409db3d570dc00d822c45f20ea01cb,36e31fd-dirty,gcc-release,cli_parser.cpp.o,unknown,CMakeFiles/macrodr_cli.dir/src/cli/cli_parser.cpp.o,1.671000,Intel(R) Core(TM) i7-7700HQ CPU @ 2.80GHz
2025-09-23T17:47:33Z,36e31fd9ad409db3d570dc00d822c45f20ea01cb,36e31fd-dirty,gcc-release,catch_case_insensitive_comparisons.cpp.o,unknown,_deps/catch2-build/src/CMakeFiles/Catch2.dir/catch2/internal/catch_case_insensitive_comparisons.cpp.o,0.905000,Intel(R) Core(TM) i7-7700HQ CPU @ 2.80GHz
2025-09-23T17:47:33Z,36e31fd9ad409db3d570dc00d822c45f20ea01cb,36e31fd-dirty,gcc-release,catch_registry_hub.cpp.o,unknown,_deps/catch2-build/src/CMakeFiles/Catch2.dir/catch2/catch_registry_hub.cpp.o,4.175000,Intel(R) Core(TM) i7-7700HQ CPU @ 2.80GHz
2025-09-23T17:47:33Z,36e31fd9ad409db3d570dc00d822c45f20ea01cb,36e31fd-dirty,gcc-release,catch_reporter_event_listener.cpp.o,unknown,_deps/catch2-build/src/CMakeFiles/Catch2.dir/catch2/reporters/catch_reporter_event_listener.cpp.o,2.791000,Intel(R) Core(TM) i7-7700HQ CPU @ 2.80GHz
2025-09-23T17:47:33Z,36e31fd9ad409db3d570dc00d822c45f20ea01cb,36e31fd-dirty,gcc-release,catch_reporter_automake.cpp.o,unknown,_deps/catch2-build/src/CMakeFiles/Catch2.dir/catch2/reporters/catch_reporter_automake.cpp.o,2.583000,Intel(R) Core(TM) i7-7700HQ CPU @ 2.80GHz
2025-09-23T17:47:33Z,36e31fd9ad409db3d570dc00d822c45f20ea01cb,36e31fd-dirty,gcc-release,catch_string_manip.cpp.o,unknown,_deps/catch2-build/src/CMakeFiles/Catch2.dir/catch2/internal/catch_string_manip.cpp.o,2.080000,Intel(R) Core(TM) i7-7700HQ CPU @ 2.80GHz
2025-09-23T17:47:33Z,36e31fd9ad409db3d570dc00d822c45f20ea01cb,36e31fd-dirty,gcc-release,catch_interfaces_generatortracker.cpp.o,unknown,_deps/catch2-build/src/CMakeFiles/Catch2.dir/catch2/interfaces/catch_interfaces_generatortracker.cpp.o,0.904000,Intel(R) Core(TM) i7-7700HQ CPU @ 2.80GHz
2025-09-23T17:47:33Z,36e31fd9ad409db3d570dc00d822c45f20ea01cb,36e31fd-dirty,gcc-release,catch_interfaces_testcase.cpp.o,unknown,_deps/catch2-build/src/CMakeFiles/Catch2.dir/catch2/interfaces/catch_interfaces_testcase.cpp.o,0.955000,Intel(R) Core(TM) i7-7700HQ CPU @ 2.80GHz
2025-09-23T17:47:33Z,36e31fd9ad409db3d570dc00d822c45f20ea01cb,36e31fd-dirty,gcc-release,catch_getenv.cpp.o,unknown,_deps/catch2-build/src/CMakeFiles/Catch2.dir/catch2/internal/catch_getenv.cpp.o,0.122000,Intel(R) Core(TM) i7-7700HQ CPU @ 2.80GHz
2025-09-23T17:47:33Z,36e31fd9ad409db3d570dc00d822c45f20ea01cb,36e31fd-dirty,gcc-release,catch_matchers_container_properties.cpp.o,unknown,_deps/catch2-build/src/CMakeFiles/Catch2.dir/catch2/matchers/catch_matchers_container_properties.cpp.o,4.263000,Intel(R) Core(TM) i7-7700HQ CPU @ 2.80GHz
2025-09-23T17:47:33Z,36e31fd9ad409db3d570dc00d822c45f20ea01cb,36e31fd-dirty,gcc-release,catch_amalgamated.cpp.o,unknown,tests/CMakeFiles/macrodr_tests.dir/__/third_party/catch2/catch_amalgamated.cpp.o,30.321000,Intel(R) Core(TM) i7-7700HQ CPU @ 2.80GHz
2025-09-23T17:47:33Z,36e31fd9ad409db3d570dc00d822c45f20ea01cb,36e31fd-dirty,gcc-release,catch_chronometer.cpp.o,unknown,_deps/catch2-build/src/CMakeFiles/Catch2.dir/catch2/benchmark/catch_chronometer.cpp.o,3.610000,Intel(R) Core(TM) i7-7700HQ CPU @ 2.80GHz
2025-09-23T17:47:33Z,36e31fd9ad409db3d570dc00d822c45f20ea01cb,36e31fd-dirty,gcc-release,catch_generator_exception.cpp.o,unknown,_deps/catch2-build/src/CMakeFiles/Catch2.dir/catch2/generators/catch_generator_exception.cpp.o,0.187000,Intel(R) Core(TM) i7-7700HQ CPU @ 2.80GHz
2025-09-23T17:47:33Z,36e31fd9ad409db3d570dc00d822c45f20ea01cb,36e31fd-dirty,gcc-release,catch_get_random_seed.cpp.o,unknown,_deps/catch2-build/src/CMakeFiles/Catch2.dir/catch2/catch_get_random_seed.cpp.o,3.838000,Intel(R) Core(TM) i7-7700HQ CPU @ 2.80GHz
2025-09-23T17:47:33Z,36e31fd9ad409db3d570dc00d822c45f20ea01cb,36e31fd-dirty,gcc-release,main_helpers.cpp.o,unknown,CMakeFiles/macrodr_cli.dir/src/cli/main_helpers.cpp.o,25.346000,Intel(R) Core(TM) i7-7700HQ CPU @ 2.80GHz
2025-09-23T17:47:33Z,36e31fd9ad409db3d570dc00d822c45f20ea01cb,36e31fd-dirty,gcc-release,catch_matchers_string.cpp.o,unknown,_deps/catch2-build/src/CMakeFiles/Catch2.dir/catch2/matchers/catch_matchers_string.cpp.o,17.598000,Intel(R) Core(TM) i7-7700HQ CPU @ 2.80GHz
2025-09-23T17:47:33Z,36e31fd9ad409db3d570dc00d822c45f20ea01cb,36e31fd-dirty,gcc-release,catch_reporter_compact.cpp.o,unknown,_deps/catch2-build/src/CMakeFiles/Catch2.dir/catch2/reporters/catch_reporter_compact.cpp.o,3.993000,Intel(R) Core(TM) i7-7700HQ CPU @ 2.80GHz
2025-09-23T17:47:33Z,36e31fd9ad409db3d570dc00d822c45f20ea01cb,36e31fd-dirty,gcc-release,catch_stdstreams.cpp.o,unknown,_deps/catch2-build/src/CMakeFiles/Catch2.dir/catch2/internal/catch_stdstreams.cpp.o,1.415000,Intel(R) Core(TM) i7-7700HQ CPU @ 2.80GHz
2025-09-23T17:47:33Z,36e31fd9ad409db3d570dc00d822c45f20ea01cb,36e31fd-dirty,gcc-release,catch_approx.cpp.o,unknown,_deps/catch2-build/src/CMakeFiles/Catch2.dir/catch2/catch_approx.cpp.o,3.350000,Intel(R) Core(TM) i7-7700HQ CPU @ 2.80GHz
2025-09-23T17:47:33Z,36e31fd9ad409db3d570dc00d822c45f20ea01cb,36e31fd-dirty,gcc-release,catch_interfaces_reporter.cpp.o,unknown,_deps/catch2-build/src/CMakeFiles/Catch2.dir/catch2/interfaces/catch_interfaces_reporter.cpp.o,4.691000,Intel(R) Core(TM) i7-7700HQ CPU @ 2.80GHz
2025-09-23T17:47:33Z,36e31fd9ad409db3d570dc00d822c45f20ea01cb,36e31fd-dirty,gcc-release,catch_config.cpp.o,unknown,_deps/catch2-build/src/CMakeFiles/Catch2.dir/catch2/catch_config.cpp.o,6.284000,Intel(R) Core(TM) i7-7700HQ CPU @ 2.80GHz
2025-09-23T17:47:33Z,36e31fd9ad409db3d570dc00d822c45f20ea01cb,36e31fd-dirty,gcc-release,catch_istream.cpp.o,unknown,_deps/catch2-build/src/CMakeFiles/Catch2.dir/catch2/internal/catch_istream.cpp.o,1.378000,Intel(R) Core(TM) i7-7700HQ CPU @ 2.80GHz
2025-09-23T17:47:33Z,36e31fd9ad409db3d570dc00d822c45f20ea01cb,36e31fd-dirty,gcc-release,catch_reporter_teamcity.cpp.o,unknown,_deps/catch2-build/src/CMakeFiles/Catch2.dir/catch2/reporters/catch_reporter_teamcity.cpp.o,6.499000,Intel(R) Core(TM) i7-7700HQ CPU @ 2.80GHz
2025-09-23T17:47:33Z,36e31fd9ad409db3d570dc00d822c45f20ea01cb,36e31fd-dirty,gcc-release,catch_generators_random.cpp.o,unknown,_deps/catch2-build/src/CMakeFiles/Catch2.dir/catch2/generators/catch_generators_random.cpp.o,4.288000,Intel(R) Core(TM) i7-7700HQ CPU @ 2.80GHz
2025-09-23T17:47:33Z,36e31fd9ad409db3d570dc00d822c45f20ea01cb,36e31fd-dirty,gcc-release,script_loader.cpp.o,unknown,CMakeFiles/macrodr_cli.dir/src/cli/script_loader.cpp.o,3.337000,Intel(R) Core(TM) i7-7700HQ CPU @ 2.80GHz
2025-09-23T17:47:33Z,36e31fd9ad409db3d570dc00d822c45f20ea01cb,36e31fd-dirty,gcc-release,catch_interfaces_exception.cpp.o,unknown,_deps/catch2-build/src/CMakeFiles/Catch2.dir/catch2/interfaces/catch_interfaces_exception.cpp.o,1.169000,Intel(R) Core(TM) i7-7700HQ CPU @ 2.80GHz
2025-09-23T17:47:33Z,36e31fd9ad409db3d570dc00d822c45f20ea01cb,36e31fd-dirty,gcc-release,catch_source_line_info.cpp.o,unknown,_deps/catch2-build/src/CMakeFiles/Catch2.dir/catch2/internal/catch_source_line_info.cpp.o,1.506000,Intel(R) Core(TM) i7-7700HQ CPU @ 2.80GHz
2025-09-23T17:47:33Z,36e31fd9ad409db3d570dc00d822c45f20ea01cb,36e31fd-dirty,gcc-release,catch_version.cpp.o,unknown,_deps/catch2-build/src/CMakeFiles/Catch2.dir/catch2/catch_version.cpp.o,1.173000,Intel(R) Core(TM) i7-7700HQ CPU @ 2.80GHz
2025-09-23T17:47:33Z,36e31fd9ad409db3d570dc00d822c45f20ea01cb,36e31fd-dirty,gcc-release,catch_enum_values_registry.cpp.o,unknown,_deps/catch2-build/src/CMakeFiles/Catch2.dir/catch2/internal/catch_enum_values_registry.cpp.o,1.583000,Intel(R) Core(TM) i7-7700HQ CPU @ 2.80GHz
2025-09-23T17:47:33Z,36e31fd9ad409db3d570dc00d822c45f20ea01cb,36e31fd-dirty,gcc-release,catch_parse_numbers.cpp.o,unknown,_deps/catch2-build/src/CMakeFiles/Catch2.dir/catch2/internal/catch_parse_numbers.cpp.o,1.338000,Intel(R) Core(TM) i7-7700HQ CPU @ 2.80GHz
2025-09-23T17:47:33Z,36e31fd9ad409db3d570dc00d822c45f20ea01cb,36e31fd-dirty,gcc-release,catch_matchers_templated.cpp.o,unknown,_deps/catch2-build/src/CMakeFiles/Catch2.dir/catch2/matchers/catch_matchers_templated.cpp.o,3.297000,Intel(R) Core(TM) i7-7700HQ CPU @ 2.80GHz
2025-09-23T17:47:33Z,36e31fd9ad409db3d570dc00d822c45f20ea01cb,36e31fd-dirty,gcc-release,catch_section.cpp.o,unknown,_deps/catch2-build/src/CMakeFiles/Catch2.dir/catch2/internal/catch_section.cpp.o,2.726000,Intel(R) Core(TM) i7-7700HQ CPU @ 2.80GHz
2025-09-23T17:47:33Z,36e31fd9ad409db3d570dc00d822c45f20ea01cb,36e31fd-dirty,gcc-release,catch_totals.cpp.o,unknown,_deps/catch2-build/src/CMakeFiles/Catch2.dir/catch2/catch_totals.cpp.o,0.159000,Intel(R) Core(TM) i7-7700HQ CPU @ 2.80GHz
2025-09-23T17:47:33Z,36e31fd9ad409db3d570dc00d822c45f20ea01cb,36e31fd-dirty,gcc-release,catch_debug_console.cpp.o,unknown,_deps/catch2-build/src/CMakeFiles/Catch2.dir/catch2/internal/catch_debug_console.cpp.o,1.129000,Intel(R) Core(TM) i7-7700HQ CPU @ 2.80GHz
2025-09-23T17:47:33Z,36e31fd9ad409db3d570dc00d822c45f20ea01cb,36e31fd-dirty,gcc-release,catch_reporter_xml.cpp.o,unknown,_deps/catch2-build/src/CMakeFiles/Catch2.dir/catch2/reporters/catch_reporter_xml.cpp.o,6.910000,Intel(R) Core(TM) i7-7700HQ CPU @ 2.80GHz
2025-09-23T17:47:33Z,36e31fd9ad409db3d570dc00d822c45f20ea01cb,36e31fd-dirty,gcc-release,catch_matchers_impl.cpp.o,unknown,_deps/catch2-build/src/CMakeFiles/Catch2.dir/catch2/matchers/internal/catch_matchers_impl.cpp.o,2.512000,Intel(R) Core(TM) i7-7700HQ CPU @ 2.80GHz
2025-09-23T17:47:33Z,36e31fd9ad409db3d570dc00d822c45f20ea01cb,36e31fd-dirty,gcc-release,catch_matchers_exception.cpp.o,unknown,_deps/catch2-build/src/CMakeFiles/Catch2.dir/catch2/matchers/catch_matchers_exception.cpp.o,4.059000,Intel(R) Core(TM) i7-7700HQ CPU @ 2.80GHz
2025-09-23T17:47:33Z,36e31fd9ad409db3d570dc00d822c45f20ea01cb,36e31fd-dirty,gcc-release,catch_reporter_sonarqube.cpp.o,unknown,_deps/catch2-build/src/CMakeFiles/Catch2.dir/catch2/reporters/catch_reporter_sonarqube.cpp.o,6.090000,Intel(R) Core(TM) i7-7700HQ CPU @ 2.80GHz
2025-09-23T17:47:33Z,36e31fd9ad409db3d570dc00d822c45f20ea01cb,36e31fd-dirty,gcc-release,catch_interfaces_capture.cpp.o,unknown,_deps/catch2-build/src/CMakeFiles/Catch2.dir/catch2/interfaces/catch_interfaces_capture.cpp.o,3.655000,Intel(R) Core(TM) i7-7700HQ CPU @ 2.80GHz
2025-09-23T17:47:33Z,36e31fd9ad409db3d570dc00d822c45f20ea01cb,36e31fd-dirty,gcc-release,catch_tag_alias_autoregistrar.cpp.o,unknown,_deps/catch2-build/src/CMakeFiles/Catch2.dir/catch2/catch_tag_alias_autoregistrar.cpp.o,0.840000,Intel(R) Core(TM) i7-7700HQ CPU @ 2.80GHz
2025-09-23T17:47:33Z,36e31fd9ad409db3d570dc00d822c45f20ea01cb,36e31fd-dirty,gcc-release,catch_timer.cpp.o,unknown,_deps/catch2-build/src/CMakeFiles/Catch2.dir/catch2/catch_timer.cpp.o,3.760000,Intel(R) Core(TM) i7-7700HQ CPU @ 2.80GHz
2025-09-23T17:47:33Z,36e31fd9ad409db3d570dc00d822c45f20ea01cb,36e31fd-dirty,gcc-release,catch_jsonwriter.cpp.o,unknown,_deps/catch2-build/src/CMakeFiles/Catch2.dir/catch2/internal/catch_jsonwriter.cpp.o,1.698000,Intel(R) Core(TM) i7-7700HQ CPU @ 2.80GHz
2025-09-23T17:47:33Z,36e31fd9ad409db3d570dc00d822c45f20ea01cb,36e31fd-dirty,gcc-release,catch_run_for_at_least.cpp.o,unknown,_deps/catch2-build/src/CMakeFiles/Catch2.dir/catch2/benchmark/detail/catch_run_for_at_least.cpp.o,2.905000,Intel(R) Core(TM) i7-7700HQ CPU @ 2.80GHz
2025-09-23T17:47:33Z,36e31fd9ad409db3d570dc00d822c45f20ea01cb,36e31fd-dirty,gcc-release,catch_analyse.cpp.o,unknown,_deps/catch2-build/src/CMakeFiles/Catch2.dir/catch2/benchmark/detail/catch_analyse.cpp.o,2.563000,Intel(R) Core(TM) i7-7700HQ CPU @ 2.80GHz
2025-09-23T17:47:33Z,36e31fd9ad409db3d570dc00d822c45f20ea01cb,36e31fd-dirty,gcc-release,main_helpers.cpp.o,unknown,CMakeFiles/macrodr_cli_helpers.dir/src/cli/main_helpers.cpp.o,58.143000,Intel(R) Core(TM) i7-7700HQ CPU @ 2.80GHz
2025-09-23T17:47:33Z,36e31fd9ad409db3d570dc00d822c45f20ea01cb,36e31fd-dirty,gcc-release,catch_context.cpp.o,unknown,_deps/catch2-build/src/CMakeFiles/Catch2.dir/catch2/internal/catch_context.cpp.o,0.144000,Intel(R) Core(TM) i7-7700HQ CPU @ 2.80GHz
2025-09-23T17:47:33Z,36e31fd9ad409db3d570dc00d822c45f20ea01cb,36e31fd-dirty,gcc-release,catch_reporter_common_base.cpp.o,unknown,_deps/catch2-build/src/CMakeFiles/Catch2.dir/catch2/reporters/catch_reporter_common_base.cpp.o,4.798000,Intel(R) Core(TM) i7-7700HQ CPU @ 2.80GHz
2025-09-23T17:47:33Z,36e31fd9ad409db3d570dc00d822c45f20ea01cb,36e31fd-dirty,gcc-release,main_flow.cpp.o,unknown,CMakeFiles/macrodr_cli_helpers.dir/src/cli/app/main_flow.cpp.o,30.993000,Intel(R) Core(TM) i7-7700HQ CPU @ 2.80GHz
2025-09-23T17:47:33Z,36e31fd9ad409db3d570dc00d822c45f20ea01cb,36e31fd-dirty,gcc-release,catch_reporter_cumulative_base.cpp.o,unknown,_deps/catch2-build/src/CMakeFiles/Catch2.dir/catch2/reporters/catch_reporter_cumulative_base.cpp.o,6.683000,Intel(R) Core(TM) i7-7700HQ CPU @ 2.80GHz
2025-09-23T17:47:33Z,36e31fd9ad409db3d570dc00d822c45f20ea01cb,36e31fd-dirty,gcc-release,catch_test_failure_exception.cpp.o,unknown,_deps/catch2-build/src/CMakeFiles/Catch2.dir/catch2/internal/catch_test_failure_exception.cpp.o,1.392000,Intel(R) Core(TM) i7-7700HQ CPU @ 2.80GHz
2025-09-23T17:47:33Z,36e31fd9ad409db3d570dc00d822c45f20ea01cb,36e31fd-dirty,gcc-release,catch_singletons.cpp.o,unknown,_deps/catch2-build/src/CMakeFiles/Catch2.dir/catch2/internal/catch_singletons.cpp.o,1.027000,Intel(R) Core(TM) i7-7700HQ CPU @ 2.80GHz
2025-09-23T17:47:33Z,36e31fd9ad409db3d570dc00d822c45f20ea01cb,36e31fd-dirty,gcc-release,catch_stats.cpp.o,unknown,_deps/catch2-build/src/CMakeFiles/Catch2.dir/catch2/benchmark/detail/catch_stats.cpp.o,5.014000,Intel(R) Core(TM) i7-7700HQ CPU @ 2.80GHz
2025-09-23T17:47:33Z,36e31fd9ad409db3d570dc00d822c45f20ea01cb,36e31fd-dirty,gcc-release,catch_session.cpp.o,unknown,_deps/catch2-build/src/CMakeFiles/Catch2.dir/catch2/catch_session.cpp.o,10.333000,Intel(R) Core(TM) i7-7700HQ CPU @ 2.80GHz
2025-09-23T17:47:33Z,36e31fd9ad409db3d570dc00d822c45f20ea01cb,36e31fd-dirty,gcc-release,catch_debugger.cpp.o,unknown,_deps/catch2-build/src/CMakeFiles/Catch2.dir/catch2/internal/catch_debugger.cpp.o,1.428000,Intel(R) Core(TM) i7-7700HQ CPU @ 2.80GHz
2025-09-23T17:47:33Z,36e31fd9ad409db3d570dc00d822c45f20ea01cb,36e31fd-dirty,gcc-release,catch_fatal_condition_handler.cpp.o,unknown,_deps/catch2-build/src/CMakeFiles/Catch2.dir/catch2/internal/catch_fatal_condition_handler.cpp.o,3.361000,Intel(R) Core(TM) i7-7700HQ CPU @ 2.80GHz
2025-09-23T17:47:33Z,36e31fd9ad409db3d570dc00d822c45f20ea01cb,36e31fd-dirty,gcc-release,catch_test_case_info.cpp.o,unknown,_deps/catch2-build/src/CMakeFiles/Catch2.dir/catch2/catch_test_case_info.cpp.o,3.130000,Intel(R) Core(TM) i7-7700HQ CPU @ 2.80GHz
2025-09-23T17:47:33Z,36e31fd9ad409db3d570dc00d822c45f20ea01cb,36e31fd-dirty,gcc-release,catch_test_case_tracker.cpp.o,unknown,_deps/catch2-build/src/CMakeFiles/Catch2.dir/catch2/internal/catch_test_case_tracker.cpp.o,3.087000,Intel(R) Core(TM) i7-7700HQ CPU @ 2.80GHz
2025-09-23T17:47:33Z,36e31fd9ad409db3d570dc00d822c45f20ea01cb,36e31fd-dirty,gcc-release,catch_leak_detector.cpp.o,unknown,_deps/catch2-build/src/CMakeFiles/Catch2.dir/catch2/internal/catch_leak_detector.cpp.o,0.724000,Intel(R) Core(TM) i7-7700HQ CPU @ 2.80GHz
2025-09-23T17:47:33Z,36e31fd9ad409db3d570dc00d822c45f20ea01cb,36e31fd-dirty,gcc-release,catch_tag_alias_registry.cpp.o,unknown,_deps/catch2-build/src/CMakeFiles/Catch2.dir/catch2/internal/catch_tag_alias_registry.cpp.o,2.430000,Intel(R) Core(TM) i7-7700HQ CPU @ 2.80GHz
2025-09-23T17:47:33Z,36e31fd9ad409db3d570dc00d822c45f20ea01cb,36e31fd-dirty,gcc-release,catch_test_case_registry_impl.cpp.o,unknown,_deps/catch2-build/src/CMakeFiles/Catch2.dir/catch2/internal/catch_test_case_registry_impl.cpp.o,5.377000,Intel(R) Core(TM) i7-7700HQ CPU @ 2.80GHz
2025-09-23T17:47:33Z,36e31fd9ad409db3d570dc00d822c45f20ea01cb,36e31fd-dirty,gcc-release,catch_main.cpp.o,unknown,_deps/catch2-build/src/CMakeFiles/Catch2WithMain.dir/catch2/internal/catch_main.cpp.o,2.874000,Intel(R) Core(TM) i7-7700HQ CPU @ 2.80GHz
2025-09-23T17:47:33Z,36e31fd9ad409db3d570dc00d822c45f20ea01cb,36e31fd-dirty,gcc-release,catch_test_case_info_hasher.cpp.o,unknown,_deps/catch2-build/src/CMakeFiles/Catch2.dir/catch2/internal/catch_test_case_info_hasher.cpp.o,1.004000,Intel(R) Core(TM) i7-7700HQ CPU @ 2.80GHz
2025-09-23T17:47:33Z,36e31fd9ad409db3d570dc00d822c45f20ea01cb,36e31fd-dirty,gcc-release,catch_interfaces_registry_hub.cpp.o,unknown,_deps/catch2-build/src/CMakeFiles/Catch2.dir/catch2/interfaces/catch_interfaces_registry_hub.cpp.o,0.840000,Intel(R) Core(TM) i7-7700HQ CPU @ 2.80GHz
2025-09-23T17:47:33Z,36e31fd9ad409db3d570dc00d822c45f20ea01cb,36e31fd-dirty,gcc-release,catch_reporter_spec_parser.cpp.o,unknown,_deps/catch2-build/src/CMakeFiles/Catch2.dir/catch2/internal/catch_reporter_spec_parser.cpp.o,4.659000,Intel(R) Core(TM) i7-7700HQ CPU @ 2.80GHz
2025-09-23T17:47:33Z,36e31fd9ad409db3d570dc00d822c45f20ea01cb,36e31fd-dirty,gcc-release,catch_interfaces_config.cpp.o,unknown,_deps/catch2-build/src/CMakeFiles/Catch2.dir/catch2/interfaces/catch_interfaces_config.cpp.o,2.632000,Intel(R) Core(TM) i7-7700HQ CPU @ 2.80GHz
2025-09-23T17:47:33Z,36e31fd9ad409db3d570dc00d822c45f20ea01cb,36e31fd-dirty,gcc-release,catch_message_info.cpp.o,unknown,_deps/catch2-build/src/CMakeFiles/Catch2.dir/catch2/internal/catch_message_info.cpp.o,1.080000,Intel(R) Core(TM) i7-7700HQ CPU @ 2.80GHz
2025-09-23T17:47:33Z,36e31fd9ad409db3d570dc00d822c45f20ea01cb,36e31fd-dirty,gcc-release,path_resolver.cpp.o,unknown,CMakeFiles/macrodr_core.dir/src/core/path_resolver.cpp.o,3.125000,Intel(R) Core(TM) i7-7700HQ CPU @ 2.80GHz
2025-09-23T17:47:33Z,36e31fd9ad409db3d570dc00d822c45f20ea01cb,36e31fd-dirty,gcc-release,load_model.cpp.o,unknown,CMakeFiles/macrodr_core.dir/src/core/load_model.cpp.o,27.324000,Intel(R) Core(TM) i7-7700HQ CPU @ 2.80GHz
2025-09-23T17:47:33Z,36e31fd9ad409db3d570dc00d822c45f20ea01cb,36e31fd-dirty,gcc-release,catch_reporter_multi.cpp.o,unknown,_deps/catch2-build/src/CMakeFiles/Catch2.dir/catch2/reporters/catch_reporter_multi.cpp.o,7.904000,Intel(R) Core(TM) i7-7700HQ CPU @ 2.80GHz
2025-09-23T17:47:33Z,36e31fd9ad409db3d570dc00d822c45f20ea01cb,36e31fd-dirty,gcc-release,catch_matchers.cpp.o,unknown,_deps/catch2-build/src/CMakeFiles/Catch2.dir/catch2/matchers/catch_matchers.cpp.o,2.902000,Intel(R) Core(TM) i7-7700HQ CPU @ 2.80GHz
2025-09-23T17:47:33Z,36e31fd9ad409db3d570dc00d822c45f20ea01cb,36e31fd-dirty,gcc-release,catch_errno_guard.cpp.o,unknown,_deps/catch2-build/src/CMakeFiles/Catch2.dir/catch2/internal/catch_errno_guard.cpp.o,0.062000,Intel(R) Core(TM) i7-7700HQ CPU @ 2.80GHz
2025-09-23T17:47:33Z,36e31fd9ad409db3d570dc00d822c45f20ea01cb,36e31fd-dirty,gcc-release,catch_reusable_string_stream.cpp.o,unknown,_deps/catch2-build/src/CMakeFiles/Catch2.dir/catch2/internal/catch_reusable_string_stream.cpp.o,2.537000,Intel(R) Core(TM) i7-7700HQ CPU @ 2.80GHz
2025-09-23T17:47:33Z,36e31fd9ad409db3d570dc00d822c45f20ea01cb,36e31fd-dirty,gcc-release,catch_test_spec_parser.cpp.o,unknown,_deps/catch2-build/src/CMakeFiles/Catch2.dir/catch2/internal/catch_test_spec_parser.cpp.o,3.458000,Intel(R) Core(TM) i7-7700HQ CPU @ 2.80GHz
2025-09-23T17:47:33Z,36e31fd9ad409db3d570dc00d822c45f20ea01cb,36e31fd-dirty,gcc-release,commands.cpp.o,unknown,CMakeFiles/macrodr_core.dir/src/core/commands.cpp.o,0.016000,Intel(R) Core(TM) i7-7700HQ CPU @ 2.80GHz
2025-09-23T17:47:33Z,36e31fd9ad409db3d570dc00d822c45f20ea01cb,36e31fd-dirty,gcc-release,catch_decomposer.cpp.o,unknown,_deps/catch2-build/src/CMakeFiles/Catch2.dir/catch2/internal/catch_decomposer.cpp.o,3.747000,Intel(R) Core(TM) i7-7700HQ CPU @ 2.80GHz
2025-09-23T17:47:33Z,36e31fd9ad409db3d570dc00d822c45f20ea01cb,36e31fd-dirty,gcc-release,catch_translate_exception.cpp.o,unknown,_deps/catch2-build/src/CMakeFiles/Catch2.dir/catch2/catch_translate_exception.cpp.o,1.241000,Intel(R) Core(TM) i7-7700HQ CPU @ 2.80GHz
2025-09-23T17:47:33Z,36e31fd9ad409db3d570dc00d822c45f20ea01cb,36e31fd-dirty,gcc-release,catch_interfaces_reporter_factory.cpp.o,unknown,_deps/catch2-build/src/CMakeFiles/Catch2.dir/catch2/interfaces/catch_interfaces_reporter_factory.cpp.o,0.597000,Intel(R) Core(TM) i7-7700HQ CPU @ 2.80GHz
2025-09-23T17:47:33Z,36e31fd9ad409db3d570dc00d822c45f20ea01cb,36e31fd-dirty,gcc-release,catch_reporter_tap.cpp.o,unknown,_deps/catch2-build/src/CMakeFiles/Catch2.dir/catch2/reporters/catch_reporter_tap.cpp.o,4.218000,Intel(R) Core(TM) i7-7700HQ CPU @ 2.80GHz
2025-09-23T17:47:33Z,36e31fd9ad409db3d570dc00d822c45f20ea01cb,36e31fd-dirty,gcc-release,catch_result_type.cpp.o,unknown,_deps/catch2-build/src/CMakeFiles/Catch2.dir/catch2/internal/catch_result_type.cpp.o,0.091000,Intel(R) Core(TM) i7-7700HQ CPU @ 2.80GHz
2025-09-23T17:47:33Z,36e31fd9ad409db3d570dc00d822c45f20ea01cb,36e31fd-dirty,gcc-release,catch_matchers_predicate.cpp.o,unknown,_deps/catch2-build/src/CMakeFiles/Catch2.dir/catch2/matchers/catch_matchers_predicate.cpp.o,5.252000,Intel(R) Core(TM) i7-7700HQ CPU @ 2.80GHz
2025-09-23T17:47:33Z,36e31fd9ad409db3d570dc00d822c45f20ea01cb,36e31fd-dirty,gcc-release,catch_list.cpp.o,unknown,_deps/catch2-build/src/CMakeFiles/Catch2.dir/catch2/internal/catch_list.cpp.o,6.607000,Intel(R) Core(TM) i7-7700HQ CPU @ 2.80GHz
2025-09-23T17:47:33Z,36e31fd9ad409db3d570dc00d822c45f20ea01cb,36e31fd-dirty,gcc-release,catch_output_redirect.cpp.o,unknown,_deps/catch2-build/src/CMakeFiles/Catch2.dir/catch2/internal/catch_output_redirect.cpp.o,1.829000,Intel(R) Core(TM) i7-7700HQ CPU @ 2.80GHz
2025-09-23T17:47:33Z,36e31fd9ad409db3d570dc00d822c45f20ea01cb,36e31fd-dirty,gcc-release,catch_commandline.cpp.o,unknown,_deps/catch2-build/src/CMakeFiles/Catch2.dir/catch2/internal/catch_commandline.cpp.o,11.190000,Intel(R) Core(TM) i7-7700HQ CPU @ 2.80GHz
2025-09-23T17:47:33Z,36e31fd9ad409db3d570dc00d822c45f20ea01cb,36e31fd-dirty,gcc-release,catch_xmlwriter.cpp.o,unknown,_deps/catch2-build/src/CMakeFiles/Catch2.dir/catch2/internal/catch_xmlwriter.cpp.o,2.034000,Intel(R) Core(TM) i7-7700HQ CPU @ 2.80GHz
2025-09-23T17:47:33Z,36e31fd9ad409db3d570dc00d822c45f20ea01cb,36e31fd-dirty,gcc-release,catch_matchers_floating_point.cpp.o,unknown,_deps/catch2-build/src/CMakeFiles/Catch2.dir/catch2/matchers/catch_matchers_floating_point.cpp.o,5.647000,Intel(R) Core(TM) i7-7700HQ CPU @ 2.80GHz
2025-09-23T17:47:33Z,36e31fd9ad409db3d570dc00d822c45f20ea01cb,36e31fd-dirty,gcc-release,test_cli_helpers.cpp.o,unknown,tests/CMakeFiles/macrodr_tests.dir/cli/test_cli_helpers.cpp.o,4.495000,Intel(R) Core(TM) i7-7700HQ CPU @ 2.80GHz
2025-09-23T17:47:33Z,36e31fd9ad409db3d570dc00d822c45f20ea01cb,36e31fd-dirty,gcc-release,catch_test_registry.cpp.o,unknown,_deps/catch2-build/src/CMakeFiles/Catch2.dir/catch2/internal/catch_test_registry.cpp.o,1.156000,Intel(R) Core(TM) i7-7700HQ CPU @ 2.80GHz
2025-09-23T17:47:33Z,36e31fd9ad409db3d570dc00d822c45f20ea01cb,36e31fd-dirty,gcc-release,catch_uncaught_exceptions.cpp.o,unknown,_deps/catch2-build/src/CMakeFiles/Catch2.dir/catch2/internal/catch_uncaught_exceptions.cpp.o,0.142000,Intel(R) Core(TM) i7-7700HQ CPU @ 2.80GHz
2025-09-23T17:47:33Z,36e31fd9ad409db3d570dc00d822c45f20ea01cb,36e31fd-dirty,gcc-release,catch_random_seed_generation.cpp.o,unknown,_deps/catch2-build/src/CMakeFiles/Catch2.dir/catch2/internal/catch_random_seed_generation.cpp.o,1.300000,Intel(R) Core(TM) i7-7700HQ CPU @ 2.80GHz
2025-09-23T17:47:33Z,36e31fd9ad409db3d570dc00d822c45f20ea01cb,36e31fd-dirty,gcc-release,catch_lazy_expr.cpp.o,unknown,_deps/catch2-build/src/CMakeFiles/Catch2.dir/catch2/internal/catch_lazy_expr.cpp.o,3.355000,Intel(R) Core(TM) i7-7700HQ CPU @ 2.80GHz
2025-09-23T17:47:33Z,36e31fd9ad409db3d570dc00d822c45f20ea01cb,36e31fd-dirty,gcc-release,catch_random_number_generator.cpp.o,unknown,_deps/catch2-build/src/CMakeFiles/Catch2.dir/catch2/internal/catch_random_number_generator.cpp.o,0.095000,Intel(R) Core(TM) i7-7700HQ CPU @ 2.80GHz
2025-09-23T17:47:33Z,36e31fd9ad409db3d570dc00d822c45f20ea01cb,36e31fd-dirty,gcc-release,catch_clara.cpp.o,unknown,_deps/catch2-build/src/CMakeFiles/Catch2.dir/catch2/internal/catch_clara.cpp.o,5.145000,Intel(R) Core(TM) i7-7700HQ CPU @ 2.80GHz
2025-09-23T17:47:33Z,36e31fd9ad409db3d570dc00d822c45f20ea01cb,36e31fd-dirty,gcc-release,catch_tostring.cpp.o,unknown,_deps/catch2-build/src/CMakeFiles/Catch2.dir/catch2/catch_tostring.cpp.o,4.907000,Intel(R) Core(TM) i7-7700HQ CPU @ 2.80GHz
2025-09-23T17:47:33Z,36e31fd9ad409db3d570dc00d822c45f20ea01cb,36e31fd-dirty,gcc-release,arguments.cpp.o,unknown,CMakeFiles/macrodr_cli_helpers.dir/src/cli/app/arguments.cpp.o,0.915000,Intel(R) Core(TM) i7-7700HQ CPU @ 2.80GHz
2025-09-23T17:47:33Z,36e31fd9ad409db3d570dc00d822c45f20ea01cb,36e31fd-dirty,gcc-release,catch_textflow.cpp.o,unknown,_deps/catch2-build/src/CMakeFiles/Catch2.dir/catch2/internal/catch_textflow.cpp.o,2.226000,Intel(R) Core(TM) i7-7700HQ CPU @ 2.80GHz
2025-09-23T17:47:33Z,36e31fd9ad409db3d570dc00d822c45f20ea01cb,36e31fd-dirty,gcc-release,cli_meta.cpp.o,unknown,CMakeFiles/macrodr_core.dir/src/core/cli_meta.cpp.o,8.549000,Intel(R) Core(TM) i7-7700HQ CPU @ 2.80GHz
2025-09-23T17:47:33Z,36e31fd9ad409db3d570dc00d822c45f20ea01cb,36e31fd-dirty,gcc-release,catch_startup_exception_registry.cpp.o,unknown,_deps/catch2-build/src/CMakeFiles/Catch2.dir/catch2/internal/catch_startup_exception_registry.cpp.o,0.939000,Intel(R) Core(TM) i7-7700HQ CPU @ 2.80GHz
2025-09-23T17:47:33Z,36e31fd9ad409db3d570dc00d822c45f20ea01cb,36e31fd-dirty,gcc-release,catch_reporter_json.cpp.o,unknown,_deps/catch2-build/src/CMakeFiles/Catch2.dir/catch2/reporters/catch_reporter_json.cpp.o,7.834000,Intel(R) Core(TM) i7-7700HQ CPU @ 2.80GHz
2025-09-23T17:47:33Z,36e31fd9ad409db3d570dc00d822c45f20ea01cb,36e31fd-dirty,gcc-release,catch_assertion_handler.cpp.o,unknown,_deps/catch2-build/src/CMakeFiles/Catch2.dir/catch2/internal/catch_assertion_handler.cpp.o,4.169000,Intel(R) Core(TM) i7-7700HQ CPU @ 2.80GHz
2025-09-23T17:47:33Z,36e31fd9ad409db3d570dc00d822c45f20ea01cb,36e31fd-dirty,gcc-release,catch_console_colour.cpp.o,unknown,_deps/catch2-build/src/CMakeFiles/Catch2.dir/catch2/internal/catch_console_colour.cpp.o,4.863000,Intel(R) Core(TM) i7-7700HQ CPU @ 2.80GHz
2025-09-23T17:47:33Z,36e31fd9ad409db3d570dc00d822c45f20ea01cb,36e31fd-dirty,gcc-release,catch_polyfills.cpp.o,unknown,_deps/catch2-build/src/CMakeFiles/Catch2.dir/catch2/internal/catch_polyfills.cpp.o,0.420000,Intel(R) Core(TM) i7-7700HQ CPU @ 2.80GHz
2025-09-23T17:47:33Z,36e31fd9ad409db3d570dc00d822c45f20ea01cb,36e31fd-dirty,gcc-release,catch_reporter_console.cpp.o,unknown,_deps/catch2-build/src/CMakeFiles/Catch2.dir/catch2/reporters/catch_reporter_console.cpp.o,8.067000,Intel(R) Core(TM) i7-7700HQ CPU @ 2.80GHz
2025-09-23T17:47:33Z,36e31fd9ad409db3d570dc00d822c45f20ea01cb,36e31fd-dirty,gcc-release,catch_exception_translator_registry.cpp.o,unknown,_deps/catch2-build/src/CMakeFiles/Catch2.dir/catch2/internal/catch_exception_translator_registry.cpp.o,2.563000,Intel(R) Core(TM) i7-7700HQ CPU @ 2.80GHz
2025-09-23T17:47:33Z,36e31fd9ad409db3d570dc00d822c45f20ea01cb,36e31fd-dirty,gcc-release,catch_reporter_junit.cpp.o,unknown,_deps/catch2-build/src/CMakeFiles/Catch2.dir/catch2/reporters/catch_reporter_junit.cpp.o,5.822000,Intel(R) Core(TM) i7-7700HQ CPU @ 2.80GHz
2025-09-23T17:47:33Z,36e31fd9ad409db3d570dc00d822c45f20ea01cb,36e31fd-dirty,gcc-release,catch_test_spec.cpp.o,unknown,_deps/catch2-build/src/CMakeFiles/Catch2.dir/catch2/catch_test_spec.cpp.o,3.683000,Intel(R) Core(TM) i7-7700HQ CPU @ 2.80GHz
2025-09-23T17:47:33Z,36e31fd9ad409db3d570dc00d822c45f20ea01cb,36e31fd-dirty,gcc-release,scratch.cpp.o,unknown,CMakeFiles/macrodr_cli.dir/src/cli/scratch.cpp.o,4.038000,Intel(R) Core(TM) i7-7700HQ CPU @ 2.80GHz
2025-09-23T17:47:33Z,36e31fd9ad409db3d570dc00d822c45f20ea01cb,36e31fd-dirty,gcc-release,load_experiment.cpp.o,unknown,CMakeFiles/macrodr_core.dir/src/core/load_experiment.cpp.o,9.063000,Intel(R) Core(TM) i7-7700HQ CPU @ 2.80GHz
2025-09-23T17:47:33Z,36e31fd9ad409db3d570dc00d822c45f20ea01cb,36e31fd-dirty,gcc-release,catch_reporter_streaming_base.cpp.o,unknown,_deps/catch2-build/src/CMakeFiles/Catch2.dir/catch2/reporters/catch_reporter_streaming_base.cpp.o,2.877000,Intel(R) Core(TM) i7-7700HQ CPU @ 2.80GHz
2025-09-23T17:47:33Z,36e31fd9ad409db3d570dc00d822c45f20ea01cb,36e31fd-dirty,gcc-release,catch_stringref.cpp.o,unknown,_deps/catch2-build/src/CMakeFiles/Catch2.dir/catch2/internal/catch_stringref.cpp.o,1.624000,Intel(R) Core(TM) i7-7700HQ CPU @ 2.80GHz
2025-09-23T17:47:33Z,36e31fd9ad409db3d570dc00d822c45f20ea01cb,36e31fd-dirty,gcc-release,command_manager.cpp.o,unknown,CMakeFiles/macrodr_cli.dir/src/cli/command_manager.cpp.o,74.316000,Intel(R) Core(TM) i7-7700HQ CPU @ 2.80GHz
2025-09-23T17:47:33Z,36e31fd9ad409db3d570dc00d822c45f20ea01cb,36e31fd-dirty,gcc-release,catch_floating_point_helpers.cpp.o,unknown,_deps/catch2-build/src/CMakeFiles/Catch2.dir/catch2/internal/catch_floating_point_helpers.cpp.o,0.494000,Intel(R) Core(TM) i7-7700HQ CPU @ 2.80GHz
